{"payload":{"installed_packages":["absl-py==1.3.0","astor==0.8.1","attrs==22.1.0","backcall==0.2.0","brotlipy==0.7.0","cached-property==1.5.2","cachetools==5.2.0","certifi==2022.9.24","cffi==1.15.1","chardet==4.0.0","charset-normalizer==2.1.1","colorama==0.4.4","comet-ml==3.31.16","configobj==5.0.6","cryptography==38.0.1","cycler==0.10.0","debugpy==1.5.1","decorator==5.1.1","dulwich==0.20.50","entrypoints==0.4","everett==3.1.0","fonttools==4.38.0","furl==2.1.3","gast==0.5.3","glob2==0.7","google-auth-oauthlib==0.4.6","google-auth==2.13.0","google-pasta==0.2.0","grpcio==1.48.1","h5py==3.7.0","idna==3.4","importlib-metadata==4.11.4","importlib-resources==5.10.0","ipykernel==6.9.1","ipython==7.34.0","jedi==0.18.1","jsonschema==4.16.0","jupyter-client==7.2.2","jupyter-core==4.10.0","keras-applications==1.0.8","keras-preprocessing==1.1.2","kiwisolver==1.4.4","markdown==3.4.1","markupsafe==2.1.1","matplotlib-inline==0.1.2","matplotlib==3.5.3","mss==7.0.1","nest-asyncio==1.5.5","numpy==1.21.6","oauthlib==3.2.2","opencv-python-headless==4.6.0.66","opencv-python==4.6.0.66","orderedmultidict==1.0.1","packaging==21.3","pandas==1.3.5","parso==0.8.3","pathlib2==2.3.7.post1","pickleshare==0.7.5","pillow==9.2.0","pip==22.3","pkgutil-resolve-name==1.3.10","prompt-toolkit==3.0.20","protobuf==3.19.6","psutil==5.9.3","pyasn1-modules==0.2.8","pyasn1==0.4.8","pycparser==2.21","pygments==2.11.2","pyjwt==2.4.0","pyopenssl==22.0.0","pyparsing==2.4.7","pyrsistent==0.19.1","pysocks==1.7.1","python-dateutil==2.8.2","python-dotenv==0.21.0","pytz==2022.5","pywin32==302","pyyaml==6.0","pyzmq==22.3.0","requests-oauthlib==1.3.1","requests-toolbelt==0.10.0","requests==2.28.1","roboflow==0.2.17","rsa==4.9","scipy==1.7.3","seaborn==0.12.1","semantic-version==2.10.0","sentry-sdk==1.10.1","setuptools==65.5.0","six==1.16.0","tensorboard-data-server==0.6.1","tensorboard-plugin-wit==1.8.1","tensorboard==2.10.1","tensorflow-estimator==1.14.0","tensorflow==1.14.0","termcolor==2.0.1","thop==0.1.1.post2209072238","torch==1.13.0","torchaudio==0.13.0","torchvision==0.14.0","tornado==6.1","tqdm==4.64.1","traitlets==5.1.1","typing-extensions==4.4.0","urllib3==1.26.12","wcwidth==0.2.5","websocket-client==1.3.3","werkzeug==2.2.2","wget==3.2","wheel==0.37.1","win-inet-pton==1.1.0","wrapt==1.14.1","wurlitzer==3.0.2","zipp==3.9.0"],"local_timestamp":1667322577947},"type":"ws_msg"}
{"payload":{"env_details":{"command":["train.py","--img","416","--batch","4","--epochs","60","--data","c:\\Users\\dds86\\Desktop\\ObjectClassification\\yolov5\\3DP-Monitoring-4/data.yaml","--weights","yolov5s.pt","--name","yolov5s_results","--cache","ram","--device","0"],"env":null,"hostname":"COE-MEM-RTAMG22","ip":"10.248.26.179","machine":"AMD64","os":"Windows-10-10.0.19041-SP0","os_release":"10","os_type":"Windows","pid":18980,"processor":"Intel64 Family 6 Model 167 Stepping 1, GenuineIntel","python_exe":"c:\\Users\\dds86\\Anaconda3\\envs\\ObjectClassification\\python.exe","python_version":"3.7.12","python_version_verbose":"3.7.12 | packaged by conda-forge | (default, Oct 26 2021, 05:35:01) [MSC v.1916 64 bit (AMD64)]","user":"dds86"},"local_timestamp":1667322577952},"type":"ws_msg"}
{"payload":{"local_timestamp":1667322578062,"param":{"paramName":"img","paramValue":416,"source":"command_line","step":null}},"type":"parameter_msg"}
{"payload":{"local_timestamp":1667322578063,"param":{"paramName":"batch","paramValue":4,"source":"command_line","step":null}},"type":"parameter_msg"}
{"payload":{"local_timestamp":1667322578063,"param":{"paramName":"epochs","paramValue":60,"source":"command_line","step":null}},"type":"parameter_msg"}
{"payload":{"local_timestamp":1667322578063,"param":{"paramName":"data","paramValue":"c:\\Users\\dds86\\Desktop\\ObjectClassification\\yolov5\\3DP-Monitoring-4/data.yaml","source":"command_line","step":null}},"type":"parameter_msg"}
{"payload":{"local_timestamp":1667322578063,"param":{"paramName":"weights","paramValue":"yolov5s.pt","source":"command_line","step":null}},"type":"parameter_msg"}
{"payload":{"local_timestamp":1667322578063,"param":{"paramName":"name","paramValue":"yolov5s_results","source":"command_line","step":null}},"type":"parameter_msg"}
{"payload":{"local_timestamp":1667322578063,"param":{"paramName":"cache","paramValue":"ram","source":"command_line","step":null}},"type":"parameter_msg"}
{"payload":{"local_timestamp":1667322578063,"param":{"paramName":"device","paramValue":0,"source":"command_line","step":null}},"type":"parameter_msg"}
{"payload":{"local_timestamp":1667322578063,"metric":{"epoch":null,"metricName":"sys.cpu.percent.avg","metricValue":26.09375,"step":null}},"type":"metric_msg"}
{"payload":{"local_timestamp":1667322578063,"metric":{"epoch":null,"metricName":"sys.cpu.percent.01","metricValue":35.5,"step":null}},"type":"metric_msg"}
{"payload":{"local_timestamp":1667322578063,"metric":{"epoch":null,"metricName":"sys.cpu.percent.02","metricValue":13.7,"step":null}},"type":"metric_msg"}
{"payload":{"local_timestamp":1667322578063,"metric":{"epoch":null,"metricName":"sys.cpu.percent.03","metricValue":28.1,"step":null}},"type":"metric_msg"}
{"payload":{"local_timestamp":1667322578063,"metric":{"epoch":null,"metricName":"sys.cpu.percent.04","metricValue":12.3,"step":null}},"type":"metric_msg"}
{"payload":{"local_timestamp":1667322578063,"metric":{"epoch":null,"metricName":"sys.cpu.percent.05","metricValue":13.7,"step":null}},"type":"metric_msg"}
{"payload":{"local_timestamp":1667322578063,"metric":{"epoch":null,"metricName":"sys.cpu.percent.06","metricValue":21.9,"step":null}},"type":"metric_msg"}
{"payload":{"local_timestamp":1667322578063,"metric":{"epoch":null,"metricName":"sys.cpu.percent.07","metricValue":21.2,"step":null}},"type":"metric_msg"}
{"payload":{"local_timestamp":1667322578063,"metric":{"epoch":null,"metricName":"sys.cpu.percent.08","metricValue":13.0,"step":null}},"type":"metric_msg"}
{"payload":{"local_timestamp":1667322578063,"metric":{"epoch":null,"metricName":"sys.cpu.percent.09","metricValue":52.1,"step":null}},"type":"metric_msg"}
{"payload":{"local_timestamp":1667322578063,"metric":{"epoch":null,"metricName":"sys.cpu.percent.10","metricValue":37.0,"step":null}},"type":"metric_msg"}
{"payload":{"local_timestamp":1667322578063,"metric":{"epoch":null,"metricName":"sys.cpu.percent.11","metricValue":52.1,"step":null}},"type":"metric_msg"}
{"payload":{"local_timestamp":1667322578063,"metric":{"epoch":null,"metricName":"sys.cpu.percent.12","metricValue":38.1,"step":null}},"type":"metric_msg"}
{"payload":{"local_timestamp":1667322578063,"metric":{"epoch":null,"metricName":"sys.cpu.percent.13","metricValue":8.9,"step":null}},"type":"metric_msg"}
{"payload":{"local_timestamp":1667322578063,"metric":{"epoch":null,"metricName":"sys.cpu.percent.14","metricValue":14.4,"step":null}},"type":"metric_msg"}
{"payload":{"local_timestamp":1667322578063,"metric":{"epoch":null,"metricName":"sys.cpu.percent.15","metricValue":13.0,"step":null}},"type":"metric_msg"}
{"payload":{"local_timestamp":1667322578063,"metric":{"epoch":null,"metricName":"sys.cpu.percent.16","metricValue":42.5,"step":null}},"type":"metric_msg"}
{"payload":{"local_timestamp":1667322578063,"metric":{"epoch":null,"metricName":"sys.load.avg","metricValue":0.0,"step":null}},"type":"metric_msg"}
{"payload":{"local_timestamp":1667322578063,"metric":{"epoch":null,"metricName":"sys.ram.total","metricValue":68379402240,"step":null}},"type":"metric_msg"}
{"payload":{"local_timestamp":1667322578063,"metric":{"epoch":null,"metricName":"sys.ram.used","metricValue":18144419840,"step":null}},"type":"metric_msg"}
{"payload":{"local_timestamp":1667322578064,"log_other":{"key":"offline_experiment","val":true}},"type":"ws_msg"}
{"payload":{"local_timestamp":1667322578066,"stderr":true,"stdout":"Traceback (most recent call last):\n"},"type":"ws_msg"}
{"payload":{"local_timestamp":1667322578066,"stderr":true,"stdout":"  File \"train.py\", line 630, in <module>\n"},"type":"ws_msg"}
{"payload":{"local_timestamp":1667322578067,"stderr":true,"stdout":"    "},"type":"ws_msg"}
{"payload":{"local_timestamp":1667322578067,"stderr":true,"stdout":"main(opt)"},"type":"ws_msg"}
{"payload":{"local_timestamp":1667322578067,"stderr":true,"stdout":"\n"},"type":"ws_msg"}
{"payload":{"local_timestamp":1667322578067,"stderr":true,"stdout":"  File \"train.py\", line 524, in main\n"},"type":"ws_msg"}
{"payload":{"local_timestamp":1667322578067,"stderr":true,"stdout":"    "},"type":"ws_msg"}
{"payload":{"local_timestamp":1667322578067,"stderr":true,"stdout":"train(opt.hyp, opt, device, callbacks)"},"type":"ws_msg"}
{"payload":{"local_timestamp":1667322578067,"stderr":true,"stdout":"\n"},"type":"ws_msg"}
{"payload":{"local_timestamp":1667322578067,"stderr":true,"stdout":"  File \"train.py\", line 93, in train\n"},"type":"ws_msg"}
{"payload":{"local_timestamp":1667322578068,"stderr":true,"stdout":"    "},"type":"ws_msg"}
{"payload":{"local_timestamp":1667322578068,"stderr":true,"stdout":"loggers = Loggers(save_dir, weights, opt, hyp, LOGGER)  # loggers instance"},"type":"ws_msg"}
{"payload":{"local_timestamp":1667322578068,"stderr":true,"stdout":"\n"},"type":"ws_msg"}
{"payload":{"local_timestamp":1667322578068,"stderr":true,"stdout":"  File \"c:\\Users\\dds86\\Desktop\\ObjectClassification\\yolov5\\utils\\loggers\\__init__.py\", line 132, in __init__\n"},"type":"ws_msg"}
{"payload":{"local_timestamp":1667322578068,"stderr":true,"stdout":"    "},"type":"ws_msg"}
{"payload":{"local_timestamp":1667322578069,"stderr":true,"stdout":"self.comet_logger = CometLogger(self.opt, self.hyp)"},"type":"ws_msg"}
{"payload":{"local_timestamp":1667322578069,"stderr":true,"stdout":"\n"},"type":"ws_msg"}
{"payload":{"local_timestamp":1667322578069,"stderr":true,"stdout":"  File \"c:\\Users\\dds86\\Desktop\\ObjectClassification\\yolov5\\utils\\loggers\\comet\\__init__.py\", line 97, in __init__\n"},"type":"ws_msg"}
{"payload":{"local_timestamp":1667322578069,"stderr":true,"stdout":"    "},"type":"ws_msg"}
{"payload":{"local_timestamp":1667322578069,"stderr":true,"stdout":"self.data_dict = self.check_dataset(self.opt.data)"},"type":"ws_msg"}
{"payload":{"local_timestamp":1667322578069,"stderr":true,"stdout":"\n"},"type":"ws_msg"}
{"payload":{"local_timestamp":1667322578069,"stderr":true,"stdout":"  File \"c:\\Users\\dds86\\Desktop\\ObjectClassification\\yolov5\\utils\\loggers\\comet\\__init__.py\", line 234, in check_dataset\n"},"type":"ws_msg"}
{"payload":{"local_timestamp":1667322578070,"stderr":true,"stdout":"    "},"type":"ws_msg"}
{"payload":{"local_timestamp":1667322578070,"stderr":true,"stdout":"if data_config['path'].startswith(COMET_PREFIX):"},"type":"ws_msg"}
{"payload":{"local_timestamp":1667322578070,"stderr":true,"stdout":"\n"},"type":"ws_msg"}
{"payload":{"local_timestamp":1667322578070,"stderr":true,"stdout":"KeyError"},"type":"ws_msg"}
{"payload":{"local_timestamp":1667322578070,"stderr":true,"stdout":": "},"type":"ws_msg"}
{"payload":{"local_timestamp":1667322578070,"stderr":true,"stdout":"'path'"},"type":"ws_msg"}
{"payload":{"local_timestamp":1667322578070,"stderr":true,"stdout":"\n"},"type":"ws_msg"}
{"payload":{"additional_params":{"assetId":"105c99ea29c64216b4d144d1e67813c6","context":null,"epoch":null,"extension":"yml","fileName":"conda-environment.yml","overwrite":false,"runId":null,"step":null,"type":"conda-environment-definition"},"clean":true,"file_path":"tmp1jplksek","local_timestamp":1667322581467,"metadata":{},"upload_type":"conda-environment-definition"},"type":"file_upload"}
{"payload":{"additional_params":{"assetId":"230b76576b894387a11cfdfbf5c4a147","context":null,"epoch":null,"extension":"txt","fileName":"conda-spec.txt","overwrite":false,"runId":null,"step":null,"type":"conda-specification"},"clean":true,"file_path":"tmpom1hd4dk","local_timestamp":1667322582735,"metadata":{},"upload_type":"conda-specification"},"type":"file_upload"}
{"payload":{"additional_params":{"assetId":"27a9041ac428447c92a9e90568d43e04","context":null,"epoch":null,"extension":"yml","fileName":"conda-info.yml","overwrite":false,"runId":null,"step":null,"type":"conda-info"},"clean":true,"file_path":"tmp6nw6vvg_","local_timestamp":1667322583447,"metadata":{},"upload_type":"conda-info"},"type":"file_upload"}
{"payload":{"local_timestamp":1667322583445,"stderr":true,"stdout":"COMET INFO: ----------------------------------\n"},"type":"ws_msg"}
{"payload":{"local_timestamp":1667322583445,"stderr":true,"stdout":"COMET INFO: Comet.ml OfflineExperiment Summary\n"},"type":"ws_msg"}
{"payload":{"local_timestamp":1667322583445,"stderr":true,"stdout":"COMET INFO: ----------------------------------\n"},"type":"ws_msg"}
{"payload":{"local_timestamp":1667322583445,"stderr":true,"stdout":"COMET INFO:   Data:\n"},"type":"ws_msg"}
{"payload":{"local_timestamp":1667322583445,"stderr":true,"stdout":"COMET INFO:     display_summary_level : 1\n"},"type":"ws_msg"}
{"payload":{"local_timestamp":1667322583445,"stderr":true,"stdout":"COMET INFO:     url                   : [OfflineExperiment will get URL after upload]\n"},"type":"ws_msg"}
{"payload":{"local_timestamp":1667322583445,"stderr":true,"stdout":"COMET INFO:   Others:\n"},"type":"ws_msg"}
{"payload":{"local_timestamp":1667322583446,"stderr":true,"stdout":"COMET INFO:     offline_experiment : True\n"},"type":"ws_msg"}
{"payload":{"local_timestamp":1667322583446,"stderr":true,"stdout":"COMET INFO:   Uploads:\n"},"type":"ws_msg"}
{"payload":{"local_timestamp":1667322583446,"stderr":true,"stdout":"COMET INFO:     conda-environment-definition : 1\n"},"type":"ws_msg"}
{"payload":{"local_timestamp":1667322583446,"stderr":true,"stdout":"COMET INFO:     conda-info                   : 1\n"},"type":"ws_msg"}
{"payload":{"local_timestamp":1667322583446,"stderr":true,"stdout":"COMET INFO:     conda-specification          : 1\n"},"type":"ws_msg"}
{"payload":{"local_timestamp":1667322583446,"stderr":true,"stdout":"COMET INFO:     environment details          : 1\n"},"type":"ws_msg"}
{"payload":{"local_timestamp":1667322583446,"stderr":true,"stdout":"COMET INFO:     installed packages           : 1\n"},"type":"ws_msg"}
{"payload":{"local_timestamp":1667322583446,"stderr":true,"stdout":"COMET INFO: ----------------------------------\n"},"type":"ws_msg"}
{"payload":{"local_timestamp":1667322583446,"stderr":true,"stdout":"COMET WARNING: Experiment Name is generated at upload time for Offline Experiments unless set explicitly with Experiment.set_name\n"},"type":"ws_msg"}
{"payload":{"local_timestamp":1667322583446,"stderr":true,"stdout":"COMET WARNING: Comet has disabled auto-logging functionality as it has been imported after the following ML modules: tensorboard, torch. Metrics and hyperparameters can still be logged using comet_ml.log_metrics() and comet_ml.log_parameters()\n"},"type":"ws_msg"}
{"payload":{"local_timestamp":1667322583446,"log_other":{"key":"sys.already_imported_modules","val":"[\"tensorboard\", \"torch\"]"}},"type":"ws_msg"}
